application_no,scheme_code,subscheme_code,claim_data_details,trno,remark,dcl_remark,created_dt,created_by,modified_dt,modified_by
ALOTEST/2017/00002,1,1,"""1""=>""ALOTEST"", ""2""=>""02-10-2022"", ""3""=>""02-10-2017"", ""4""=>""110"", ""5""=>""RAJESH"", ""6""=>""14-06-2018"", ""7""=>""HYDERABAD"", ""8""=>""36"", ""9""=>""22"", ""10""=>""BUS ACCIDENT"", ""11""=>""PGPS"", ""12""=>""NIMS"", ""13""=>""PGPS"", ""14""=>""14-06-2018"", ""15""=>""NIMS"", ""16""=>""14-06-2018"", ""17""=>""LAKSHMI"", ""18""=>""35"", ""19""=>""HYDERABAD"", ""20""=>""7358001002"", ""21""=>""Spouse"", ""22""=>""123456789"", ""23""=>""ANDHRA BANK"", ""24""=>""ABIDS"", ""25""=>""ANDB000099"", ""26""=>""BOCCWN_CARD.jpg"", ""27""=>""challan.jpg"", ""28""=>""MAN_APP.pdf"", ""29""=>""PASSBOOK.JPG"", ""30""=>""ADV_STAMP1.pdf"", ""31""=>""ADV_STAMP1.pdf"", ""32""=>""MAN_APP.pdf"", ""33""=>""ADV_STAMP1.pdf"", ""34""=>""RATION_CARD.JPG"", ""35""=>""null"", ""36""=>""MAN_APP.pdf"", ""37""=>""BOCCWN_CARD.jpg"", ""38""=>""MAN_APP.pdf"", ""39""=>""ADV_STAMP1.pdf"", ""40""=>""MAN_APP.pdf"", ""41""=>""csGMGLe3v7XslpHy8jMqmw=="", ""42""=>""""",4449167,FWD,,2019-02-09 15:36:41,TESTALO,2019-07-01 11:56:33,TESTALO
ALOTEST/2018/00003,4,3,"""1""=>""ALOTEST"", ""2""=>""06-04-2023"", ""3""=>""06-04-2018"", ""4""=>""110"", ""5""=>""SAROJINI"", ""6""=>""NIMS"", ""7""=>""NIMS, HYDERABAD"", ""8""=>""36"", ""9""=>""22"", ""10""=>""Yes"", ""11""=>""25-05-2017"", ""12""=>""20"", ""13""=>""172839456"", ""14""=>""ANDHRA BANK"", ""15""=>""ABIDS"", ""16""=>""ANDB0099"", ""17""=>""BOCCWN_CARD.jpg"", ""18""=>""AADHAAR.JPG"", ""19""=>""ADV_STAMP1.pdf"", ""20""=>""PASSBOOK.JPG"", ""21""=>""BOCCWN_CARD.jpg"", ""22""=>""AROGYASREE_CARD.JPG"", ""23""=>""MAN_APP.pdf"", ""24""=>""ADV_STAMP1.pdf"", ""25""=>""AADHAAR.pdf"", ""26""=>""AADHAAR.pdf"", ""27""=>""RATION_CARD.JPG"", ""28""=>""AADHAAR.JPG"", ""29""=>"""", ""30""=>""""",2515545,FWD,ACCEPTED,2017-05-30 00:00:00,,,
ALOTEST/2018/00001,2,1,"""1""=>""ALOTEST"", ""2""=>""08-02-2033"", ""3""=>""08-02-2018"", ""4""=>""74"", ""5""=>""NAARAYANA Reddi"", ""6""=>""01-09-2018"", ""7""=>""HYDERABAD"", ""8""=>""36"", ""9""=>""22"", ""10""=>""BUS ACCIDENT"", ""11""=>""PGPS"", ""12""=>""01-09-2018"", ""13""=>""NIMS"", ""14""=>""100"", ""15""=>""080610011034945"", ""16""=>""ANDHRA BANK"", ""17""=>""ABIDS"", ""18""=>""ANDB0000942"", ""19""=>""BOCCWN_CARD.jpg"", ""20""=>""challan.jpg"", ""21""=>""ADV_STAMP1.pdf"", ""22""=>""PASSBOOK.JPG"", ""23""=>""MAN_APP.pdf"", ""24""=>""ADV_STAMP1.pdf"", ""25""=>""RATION_CARD.JPG"", ""26""=>""null"", ""27""=>""MAN_APP.pdf"", ""28""=>""ADV_STAMP1.pdf"", ""29""=>""7358366826"", ""30""=>""csGMGLe3v7XslpHy8jMqmw==""",9648391,FWD FOR APPROVAL,VERIFY AND REFORWARD,2019-04-29 16:03:44,TESTALO,2021-03-05 12:03:31,NOD_TEST
ALOTEST/2018/00004,1,1,"""1""=>""ALOTEST"", ""2""=>""24-03-2023"", ""3""=>""24-03-2018"", ""4""=>""110"", ""5""=>""TEST RAMESH "", ""6""=>""31-08-2018"", ""7""=>""HYDERABAD"", ""8""=>""36"", ""9""=>""22"", ""10""=>""DEATH CAUSE"", ""11""=>""PGPS"", ""12""=>""NIMS"", ""13""=>""PGPS"", ""14""=>""31-08-2018"", ""15""=>""NIMS"", ""16""=>""31-08-2018"", ""17""=>""SAVITHRI"", ""18""=>""34"", ""19""=>""RANIGUNJ _x000D_
HYDERABAD-04"", ""20""=>""9948561699"", ""21""=>""Spouse"", ""22""=>""0806100200147"", ""23""=>""ANDHRA BANK"", ""24""=>""ABIDS"", ""25""=>""ANDB000099"", ""26""=>""AADHAAR.JPG"", ""27""=>""AADHAAR.pdf"", ""28""=>""ADV_STAMP1.pdf"", ""29""=>""AROGYASREE_CARD.JPG"", ""30""=>""BOCCWN CARD.jpg"", ""31""=>""BOCW_Reg_Card.jpg"", ""32""=>""challan.jpg"", ""33""=>""_TSBOCWWB .pdf"", ""34""=>""MAN_APP.pdf"", ""35""=>""null"", ""36""=>""_TSBOCWWB .pdf"", ""37""=>""PASSBOOK.JPG"", ""38""=>""RATION_CARD.JPG"", ""39""=>""AADHAAR.JPG"", ""40""=>""AADHAAR.pdf"", ""41""=>""csGMGLe3v7XslpHy8jMqmw=="", ""42""=>""qwkCDTtWfyUo6BZqs4Hvng==""",11209335,CONTACT,REJECT,2019-08-02 19:48:36,MEESEVA,2021-11-07 11:27:16,NOD_TEST
ALOMADHI/2017/06126,9,1,"""1""=>""ALOMADHI"", ""2""=>""22-06-2022"", ""3""=>""22-06-2017"", ""4""=>""110"", ""5""=>""RANI"", ""6""=>""BORRAMPALEM VILLAGE NARSAPURAM MDL PACHIMAGODAVARI DIST"", ""7""=>""36"", ""8""=>""31"", ""9""=>""15-02-2020"", ""10""=>""29"", ""11""=>""73064027039"", ""12""=>""APGVB"", ""13""=>""TANIKELLA"", ""14""=>""APGV0004191"", ""15""=>""08192020212027.pdf"", ""16""=>""08192020212135.pdf"", ""17""=>""08192020212205.pdf"", ""18""=>""img774.pdf"", ""19""=>""img775.pdf"", ""20""=>""img776.pdf"", ""21""=>""img777.pdf"", ""22""=>""img778.pdf"", ""23""=>""Not uploaded yet"", ""24""=>""Not uploaded yet"", ""25""=>""img779.pdf"", ""26""=>""img780.pdf"", ""27""=>""6325105269"", ""28""=>""z+I8kfGi7r88y1qTYaRTRg=="", ""29""=>""nXxxnPAgmev+bTnSn15UPw==""",8044860,,,2020-08-20 10:43:48,MEESEVA,2020-08-20 10:43:49,MEESEVA
ALOTEST/2018/00009,4,3,"""1""=>""ALOTEST"", ""2""=>""01-05-2023"", ""3""=>""01-05-2018"", ""4""=>""110"", ""5""=>""SRUTHI"", ""6""=>""NIMS"", ""7""=>""NIMS-HYD"", ""8""=>""36"", ""9""=>""22"", ""10""=>""Yes"", ""11""=>""01-06-2016"", ""12""=>""16"", ""13""=>""172839456"", ""14""=>""ABANK"", ""15""=>""ABIDS"", ""16""=>""ANDB0099"", ""17""=>""AADHAAR.JPG"", ""18""=>""AADHAAR.pdf"", ""19""=>""AROGYASREE_CARD.JPG"", ""20""=>""AADHAAR.pdf"", ""21""=>""ADV_STAMP1.pdf"", ""22""=>""BOCCWN_CARD.jpg"", ""23""=>""MAN_APP.pdf"", ""24""=>""AROGYASREE_CARD.JPG"", ""25""=>""AADHAAR.pdf"", ""26""=>""AADHAAR.pdf"", ""27""=>""RATION_CARD.JPG"", ""28""=>""RATION_CARD.JPG"", ""29""=>""7358123456"", ""30""=>""123412341234""",2670062,Forwarding for Approval,Check and reforward as they are not visible to Board Login,2018-06-01 00:00:00,,2018-07-02 09:48:08,TESTALO
ALOTEST/2017/00001,1,1,"""1""=>""ALOTEST"", ""2""=>""01-10-2022"", ""3""=>""01-10-2017"", ""4""=>""110"", ""5""=>""RAMANAMMA"", ""6""=>""16-12-2017"", ""7""=>""GANDHI HOSPITAL SECUNDERABAD"", ""8""=>""36"", ""9""=>""16"", ""10""=>""BIKE"", ""11""=>""PJPS"", ""12""=>""IMA"", ""13""=>""PJPS"", ""14""=>""16-12-2017"", ""15""=>""IMA"", ""16""=>""16-12-2017"", ""17""=>""SWATHI"", ""18""=>""40"", ""19""=>""H. NO 2042 GURUJAKUNTA VILLAGE HUSNABAD MANDAL SIDDIPET DISTRICT TS."", ""20""=>""7358735829"", ""21""=>""Spouse"", ""22""=>""1234123456"", ""23""=>""AB"", ""24""=>""ABIDS"", ""25""=>""ANDB"", ""26""=>""RATION CARD (1).JPG"", ""27""=>""MAN_APPLIC.pdf"", ""28""=>""postmartum.jpg"", ""29""=>""passbook.jpg"", ""30""=>""firReport.jpg"", ""31""=>""MAN_APPLIC.pdf"", ""32""=>""postmartum.jpg"", ""33""=>""_TSBOCWWB .pdf"", ""34""=>""card.jpg"", ""35""=>""null"", ""36""=>""_TSBOCWWB .pdf"", ""37""=>""photo.jpg"", ""38""=>""MAN_APPLIC.pdf"", ""39""=>""Registered Workers District wise_Alo Wise.pdf"", ""40""=>""Registered Workers District wise_Alo Wise.pdf"", ""41""=>""wHNx563V1btsE+bHNK97zA==""",5127403,Forwarding for Approval,Check and reforward as they are not visible to Board Login,2017-12-18 00:00:00,,2019-11-26 13:49:21,NOD_TEST
ALOTEST/2014/00001,1,1,"""1""=>""ALOTEST"", ""2""=>""31-01-2023"", ""3""=>""31-01-2014"", ""4""=>""62"", ""5""=>""kranthi"", ""6""=>""05-02-2013"", ""7""=>""HYDERABAD"", ""8""=>""36"", ""9""=>""22"", ""10""=>""BUS ACCIDENT"", ""11""=>""PG PS"", ""12""=>""NIMS"", ""13""=>""PG PS"", ""14""=>""05-02-2013"", ""15""=>""NIMS"", ""16""=>""06-02-2013"", ""17""=>""RAJU"", ""18""=>""55"", ""19""=>""HYDERABAD"", ""20""=>""9491074791"", ""21""=>""Child"", ""22""=>""123412341234"", ""23""=>""ANDHRA BANK"", ""24""=>""ABIDS"", ""25""=>""ANDB0000005"", ""26""=>""BOCCWN_CARD.jpg"", ""27""=>""challan.jpg"", ""28""=>""ADV_STAMP1.pdf"", ""29""=>""PASSBOOK.JPG"", ""30""=>""ADV_STAMP1.pdf"", ""31""=>""ADV_STAMP1.pdf"", ""32""=>""ADV_STAMP1.pdf"", ""33""=>""ADV_STAMP1.pdf"", ""34""=>""RATION_CARD.JPG"", ""35""=>""AADHAAR.pdf"", ""36""=>""ADV_STAMP1.pdf"", ""37""=>""BOCCWN_CARD.jpg"", ""38""=>""ADV_STAMP1.pdf"", ""39""=>""ADV_STAMP1.pdf"", ""40""=>""ADV_STAMP1.pdf"", ""41""=>""123412341234""",3009615,,Check and reforward as they are not visible to Board Login,2018-08-20 16:28:18,TESTALO,2018-08-20 16:32:40,TESTALO
ALOTEST/2018/00005,3,1,"""1""=>""ALOTEST"", ""2""=>""07-04-2021"", ""3""=>""07-04-2018"", ""4""=>""86"", ""5""=>""RAMEHS BABU"", ""6""=>""08-06-2018"", ""7""=>""hyderabad"", ""8""=>""36"", ""9""=>""22"", ""10""=>""NIMS"", ""11""=>""RAGINI"", ""12""=>""27"", ""13""=>""HYDERABAD"", ""14""=>""7358366826"", ""15""=>""Spouse"", ""16""=>""123456789123"", ""17""=>""ANDHRA BANK"", ""18""=>""ABIDS"", ""19""=>""ANDB0000009"", ""20""=>""AADHAAR.JPG"", ""21""=>""BOCCWN_CARD.jpg"", ""22""=>""BOCCWN_CARD.jpg"", ""23""=>""PASSBOOK.JPG"", ""24""=>""BOCCWN_CARD.jpg"", ""25""=>""MAN_APP.pdf"", ""26""=>""RATION_CARD.JPG"", ""27""=>""ADV_STAMP1.pdf"", ""28""=>""AADHAAR.JPG"", ""29""=>""BOCCWN_CARD.jpg"", ""30""=>""AADHAAR.pdf"", ""31""=>""AADHAAR.JPG"", ""32""=>""123412341234""",8153531,Forwarding for Approval,Accepted,2018-08-09 15:15:10,TESTALO,2020-09-05 15:32:17,NOD_TEST
ALOTEST/2014/00003,3,1,"""1""=>""ALOTEST"", ""2""=>""05-01-2019"", ""3""=>""07-02-2014"", ""4""=>""60"", ""5""=>""kumar"", ""6""=>""01-02-2015"", ""7""=>""HYD"", ""8""=>""36"", ""9""=>""22"", ""10""=>""NIMS"", ""11""=>""RAJI"", ""12""=>""25"", ""13""=>""LAKE STREET"", ""14""=>""7325001002"", ""15""=>""Spouse"", ""16""=>""172839456"", ""17""=>""ANDHRA BANK"", ""18""=>""ABIDS"", ""19""=>""ANDB000099"", ""20""=>""BOCCWN_CARD.jpg"", ""21""=>""challan.jpg"", ""22""=>""ADV_STAMP1.pdf"", ""23""=>""PASSBOOK.JPG"", ""24""=>""AADHAAR.pdf"", ""25""=>""ADV_STAMP1.pdf"", ""26""=>""RATION_CARD.JPG"", ""27""=>""Not uploaded yet"", ""28""=>""MAN_APP.pdf"", ""29""=>""BOCCWN_CARD.jpg"", ""30""=>""MAN_APP.pdf"", ""31""=>""AADHAAR.pdf"", ""32""=>""123145647897""",3916745,BACKLOG_CLAIM_ENTRY,BACKLOG_CLAIM,2019-02-09 11:03:58,DEO_TEST,,
ALOTEST/2018/00003,4,4,"""1""=>""ALOTEST"", ""2""=>""06-04-2023"", ""3""=>""06-04-2018"", ""4""=>""110"", ""5""=>""SAROJINI"", ""6""=>""CERTIFICATE"", ""7""=>""ADDRESS"", ""8""=>""36"", ""9""=>""22"", ""10""=>""Yes"", ""11""=>""07-10-2018"", ""12""=>""21"", ""13""=>""0806100"", ""14""=>""ANDHRA BANK"", ""15""=>""ABIDS"", ""16""=>""ANDB000099"", ""17""=>""Not uploaded yet"", ""18""=>""Not uploaded yet"", ""19""=>""Not uploaded yet"", ""20""=>""Not uploaded yet"", ""21""=>""Not uploaded yet"", ""22""=>""Not uploaded yet"", ""23""=>""Not uploaded yet"", ""24""=>""Not uploaded yet"", ""25""=>""Not uploaded yet"", ""26""=>""null"", ""27""=>""Not uploaded yet"", ""28""=>""Not uploaded yet"", ""29""=>""9948561699"", ""30""=>""xt7RSrF5P7OMkAH+aqxXOg=="", ""31""=>""/Mz5/JhF8Gfe1vpZ26d3AQ==""",8526348,CONTACT,,2019-05-06 13:18:18,TESTALO,2020-10-21 13:15:33,TESTALO
ALOTEST/2019/00001,1,1,"""1""=>""ALOTEST"", ""2""=>""01-01-2022"", ""3""=>""01-01-2019"", ""4""=>""62"", ""5""=>""RAMAIAH"", ""6""=>""01-06-2020"", ""7""=>"""", ""8""=>""null"", ""9""=>""null"", ""10""=>"""", ""11""=>"""", ""12""=>"""", ""13""=>"""", ""14""=>"""", ""15""=>"""", ""16""=>"""", ""17""=>""PERSON APPLIED"", ""18""=>""45"", ""19""=>""ADDRESS"", ""20""=>""9948561699"", ""21""=>""Spouse"", ""22""=>""0806"", ""23""=>""ANDHRA BANK"", ""24""=>""BRANCH "", ""25""=>""IFSC"", ""26""=>""Not uploaded yet"", ""27""=>""Not uploaded yet"", ""28""=>""Not uploaded yet"", ""29""=>""Not uploaded yet"", ""30""=>""Not uploaded yet"", ""31""=>""Not uploaded yet"", ""32""=>""Not uploaded yet"", ""33""=>""Not uploaded yet"", ""34""=>""Not uploaded yet"", ""35""=>""null"", ""36""=>""Not uploaded yet"", ""37""=>""Not uploaded yet"", ""38""=>""Not uploaded yet"", ""39""=>""Not uploaded yet"", ""40""=>""Not uploaded yet"", ""41""=>""xt7RSrF5P7OMkAH+aqxXOg=="", ""42""=>""bAcCawHFqPQcq6xpNwaSGA==""",7654072,FWD,,2019-06-24 11:23:12,TESTALO,2020-06-25 14:45:53,TESTALO
ALOTEST/2009/50001,3,1,"""1""=>""ALOTEST"", ""2""=>""02-09-2013"", ""3""=>""02-09-2009"", ""4""=>""62"", ""5""=>""shiva"", ""6""=>""01-09-2012"", ""7""=>""HYD"", ""8""=>""36"", ""9""=>""22"", ""10""=>""NIMS"", ""11""=>""SOWMYA"", ""12""=>""33"", ""13""=>""Hyderabad"", ""14""=>""7358101202"", ""15""=>""Spouse"", ""16""=>""172839456"", ""17""=>""ANDHRA BANK"", ""18""=>""KING KOTI"", ""19""=>""ANDB000099"", ""20""=>""AADHAAR.JPG"", ""21""=>""challan.jpg"", ""22""=>""challan.jpg"", ""23""=>""challan.jpg"", ""24""=>""card.jpg"", ""25""=>""card.jpg"", ""26""=>""dummyimage.jpg"", ""27""=>""firReport.jpg"", ""28""=>""null"", ""29""=>""images (1).jpg"", ""30""=>""card.jpg"", ""31""=>""challan.jpg"", ""32""=>""fk/X/pclNnuFeGaarkXEpg==""",4660028,,Check and reforward as they are not visible to Board Login,2018-09-24 16:45:35,TESTALO,2019-08-02 15:26:39,NOD_TEST
ALOTEST/2018/00003,3,1,"""1""=>""ALOTEST"", ""2""=>""06-04-2023"", ""3""=>""06-04-2018"", ""4""=>""110"", ""5""=>""RAMA KRISHNA"", ""6""=>""01-08-2019"", ""7""=>""DEATH PLACE"", ""8""=>""36"", ""9""=>""22"", ""10""=>""NIMS"", ""11""=>""PERSON"", ""12""=>""45"", ""13""=>""ADDRESS"", ""14""=>""9395397777"", ""15""=>""Parent"", ""16""=>""8061002001234"", ""17""=>""ANDHRA BANK"", ""18""=>""ABIDS"", ""19""=>""ANDB000099"", ""20""=>""AADHAAR.JPG"", ""21""=>""AADHAAR.pdf"", ""22""=>""ADV_STAMP1.pdf"", ""23""=>""AROGYASREE_CARD.JPG"", ""24""=>""BOCCWN CARD.jpg"", ""25""=>""Not uploaded yet"", ""26""=>""BOCW_Reg_Card.jpg"", ""27""=>""Not uploaded yet"", ""28""=>""null"", ""29""=>""challan.jpg"", ""30""=>""MAN_APP.pdf"", ""31""=>""PASSBOOK.JPG"", ""32""=>""fk/X/pclNnuFeGaarkXEpg=="", ""33""=>""""",7778090,CONTACT,,2019-08-03 19:02:28,MEESEVA,2020-07-10 13:21:14,TESTALO
ALOSHNR/2012/01950,4,3,"""1""=>""ALOMBNR2"", ""2""=>""12-07-2022"", ""3""=>""12-07-2012"", ""4""=>""110"", ""5""=>""MALLEPOGU PRIYANKA"", ""6""=>""V SURENDER"", ""7""=>""GOVT DISTRICT HOSPITAL MAHABUBNAGAR"", ""8""=>""36"", ""9""=>""25"", ""10""=>""Yes"", ""11""=>""23-12-2019"", ""12""=>""20"", ""13""=>""33662224978"", ""14""=>""SBI"", ""15""=>""JADCHERLA"", ""16""=>""SBIN0012715"", ""17""=>""Image (216).jpg"", ""18""=>""img477.pdf"", ""19""=>""Image (215).jpg"", ""20""=>""Image (219).jpg"", ""21""=>""Image (220).jpg"", ""22""=>""Image (218).jpg"", ""23""=>""Not uploaded yet"", ""24""=>""Image (220).jpg"", ""25""=>""Image (214).jpg"", ""26""=>""Not uploaded yet"", ""27""=>""Image (221).jpg"", ""28""=>""Image (217).jpg"", ""29""=>""9951919829"", ""30""=>""y2MhGwJ9XKJjCsuxaL8ziA=="", ""31""=>""3t69uP8Y8P99N3NiWDC2Lg==""",8453335,,,2020-10-12 08:08:54,MEESEVA,2020-10-12 08:08:55,MEESEVA
ALOTEST/2019/00005,1,1,"""1""=>""ALOTEST"", ""2""=>""01-06-2024"", ""3""=>""01-06-2019"", ""4""=>""110"", ""5""=>""SIVARAM"", ""6""=>""02-06-2019"", ""7""=>""HYDERABAD"", ""8""=>""36"", ""9""=>""22"", ""10""=>""BUS ACCIDENT"", ""11""=>""PG PS"", ""12""=>""NIMS"", ""13""=>""PGPS"", ""14""=>""02-06-2019"", ""15""=>""NIMS"", ""16""=>""02-06-2019"", ""17""=>""SOMESWAR"", ""18""=>""25"", ""19""=>""HYDERABAD"", ""20""=>""7358366826"", ""21""=>""Spouse"", ""22""=>""080610011025836"", ""23""=>""ANDHRA BANK"", ""24""=>""ABIDS"", ""25""=>""ANDB000099"", ""26""=>""Not uploaded yet"", ""27""=>""Not uploaded yet"", ""28""=>""Not uploaded yet"", ""29""=>""Not uploaded yet"", ""30""=>""Not uploaded yet"", ""31""=>""Not uploaded yet"", ""32""=>""Not uploaded yet"", ""33""=>""Not uploaded yet"", ""34""=>""Not uploaded yet"", ""35""=>""null"", ""36""=>""Not uploaded yet"", ""37""=>""Not uploaded yet"", ""38""=>""Not uploaded yet"", ""39""=>""Not uploaded yet"", ""40""=>""Not uploaded yet"", ""41""=>""xt7RSrF5P7OMkAH+aqxXOg=="", ""42""=>""wAsX1Lg2A3SCmf4GSxXJpw==""",5359482,FWD,,2019-06-26 17:37:23,TESTALO,2020-01-08 16:13:52,TESTALO
ALOTEST/2018/00017,3,1,"""1""=>""ALOTEST"", ""2""=>""02-01-2019"", ""3""=>""02-01-2018"", ""4""=>""62"", ""5""=>""MOHANA RAO"", ""6""=>""30-08-2018"", ""7""=>""DEATH PLACE"", ""8""=>""36"", ""9""=>""22"", ""10""=>""AUTHORITY"", ""11""=>""SUMATHI"", ""12""=>""41"", ""13""=>""ADDRESS"", ""14""=>""9395397777"", ""15""=>""Parent"", ""16""=>""08061002001234"", ""17""=>""ANDHRA BANK"", ""18""=>""ABIDS"", ""19""=>""ANDB000099"", ""20""=>""AADHAAR.JPG"", ""21""=>""AADHAAR.pdf"", ""22""=>""ADV_STAMP1.pdf"", ""23""=>""AROGYASREE_CARD.JPG"", ""24""=>""BOCCWN CARD.jpg"", ""25""=>""Not uploaded yet"", ""26""=>""BOCW_Reg_Card.jpg"", ""27""=>""Not uploaded yet"", ""28""=>""null"", ""29""=>""challan.jpg"", ""30""=>""MAN_APP.pdf"", ""31""=>""PASSBOOK.JPG"", ""32""=>""fk/X/pclNnuFeGaarkXEpg=="", ""33""=>""fk/X/pclNnuFeGaarkXEpg==""",8794412,Forwarding For Approval,,2019-08-03 17:56:46,MEESEVA,2020-11-26 11:17:06,TESTALO
ALOTEST/2019/00006,3,1,"""1""=>""ALOTEST"", ""2""=>""01-05-2024"", ""3""=>""01-05-2019"", ""4""=>""110"", ""5""=>""SOMESWAR"", ""6""=>""01-06-2019"", ""7""=>""HYD"", ""8""=>""36"", ""9""=>""22"", ""10""=>""NIMS"", ""11""=>""RADHA"", ""12""=>""35"", ""13""=>""HYDERABAD"", ""14""=>""7358100200"", ""15""=>""Spouse"", ""16""=>""08061101002566"", ""17""=>""ANDHRA BANK"", ""18""=>""ABIDS"", ""19""=>""ANDB000099"", ""20""=>""BOCCWN_CARD.jpg"", ""21""=>""BOCCWN_CARD.jpg"", ""22""=>""ADV_STAMP1.pdf"", ""23""=>""PASSBOOK.JPG"", ""24""=>""ADV_STAMP1.pdf"", ""25""=>""RATION_CARD.JPG"", ""26""=>""RATION_CARD.JPG"", ""27""=>""ADV_STAMP1.pdf"", ""28""=>""null"", ""29""=>""BOCCWN_CARD.jpg"", ""30""=>""ADV_STAMP1.pdf"", ""31""=>""ADV_STAMP1.pdf"", ""32""=>""csGMGLe3v7XslpHy8jMqmw=="", ""33""=>""csGMGLe3v7XslpHy8jMqmw==""",8883672,Forwarding for Approval,Main,2019-06-26 17:44:34,TESTALO,2020-12-04 12:10:07,TESTALO
ALOTEST/2014/00006,3,1,"""1""=>""ALOTEST"", ""2""=>""14-05-2019"", ""3""=>""11-02-2014"", ""4""=>""60"", ""5""=>""bharat"", ""6""=>""01-04-2016"", ""7""=>""HYDERABAD"", ""8""=>""36"", ""9""=>""22"", ""10""=>""NIMS"", ""11""=>""RAJU"", ""12""=>""45"", ""13""=>""hyderabad"", ""14""=>""7358366826"", ""15""=>""Child"", ""16""=>""080610011012345"", ""17""=>""ANDHRA BANK"", ""18""=>""ABIDS"", ""19""=>""ANDB000099"", ""20""=>""BOCCWN_CARD.jpg"", ""21""=>""challan.jpg"", ""22""=>""ADV_STAMP1.pdf"", ""23""=>""PASSBOOK.JPG"", ""24""=>""AADHAAR.pdf"", ""25""=>""ADV_STAMP1.pdf"", ""26""=>""RATION_CARD.JPG"", ""27""=>""ADV_STAMP1.pdf"", ""28""=>""null"", ""29""=>""BOCCWN_CARD.jpg"", ""30""=>""MAN_APP.pdf"", ""31""=>""AADHAAR.pdf"", ""32""=>""xt7RSrF5P7OMkAH+aqxXOg==""",4666085,okay checked,56454654,2019-04-10 18:54:45,MEESEVA,2019-08-03 17:41:04,NOD_TEST
ALOTEST/2018/00009,4,4,"""1""=>""ALOTEST"", ""2""=>""01-05-2023"", ""3""=>""01-05-2018"", ""4""=>""110"", ""5""=>""SRUTHI"", ""6""=>""NIMS"", ""7""=>""NIMS, HYD"", ""8""=>""36"", ""9""=>""22"", ""10""=>""Yes"", ""11""=>""05-05-2016"", ""12""=>""16"", ""13""=>""172839465"", ""14""=>""ABANK"", ""15""=>""ABIDS"", ""16""=>""ANDB0099"", ""17""=>""AADHAAR.pdf"", ""18""=>""AADHAAR.JPG"", ""19""=>""AROGYASREE_CARD.JPG"", ""20""=>""BOCCWN_CARD.jpg"", ""21""=>""BOCW_Reg_Card.jpg"", ""22""=>""AADHAAR.pdf"", ""23""=>""ADV_STAMP1.pdf"", ""24""=>""MAN_APP.pdf"", ""25""=>""AADHAAR.pdf"", ""26""=>""ADV_STAMP1.pdf"", ""27""=>""AADHAAR.pdf"", ""28""=>""AADHAAR.pdf"", ""29""=>"""", ""30""=>""""",2572654,FORWARDING FOR APPROVAL,Accepted,2018-02-11 00:00:00,,,
ALOTEST/2017/00010,1,1,"""1""=>""ALOTEST"", ""2""=>""18-09-2022"", ""3""=>""18-09-2017"", ""4""=>""110"", ""5""=>""SANTOSH SAH"", ""6""=>""01-12-2017"", ""7""=>""HYDERABAD"", ""8""=>""36"", ""9""=>""18"", ""10""=>""bike"", ""11""=>""PJPS"", ""12""=>""NIMS"", ""13""=>""NIMS"", ""14""=>""01-12-2017"", ""15""=>""NIMS"", ""16""=>""01-12-2017"", ""17""=>""RA"", ""18""=>""40"", ""19""=>""HYD"", ""20""=>""7358735811"", ""21""=>""Spouse"", ""22""=>""123456669"", ""23""=>""AB"", ""24""=>""ABIDS"", ""25""=>""ANDB00"", ""26""=>""AADHAAR.JPG"", ""27""=>""AADHAAR.JPG"", ""28""=>""AADHAAR.JPG"", ""29""=>""AADHAAR.JPG"", ""30""=>""AADHAAR.JPG"", ""31""=>""AADHAAR.JPG"", ""32""=>""PHOTO.JPG"", ""33""=>""MAN_APPLIC.pdf"", ""34""=>""AADHAAR.JPG"", ""35""=>""AADHAAR.JPG"", ""36""=>""AADHAAR.JPG"", ""37""=>""AADHAAR.JPG"", ""38""=>""AADHAAR.JPG"", ""39""=>""birthcerti.jpg"", ""40""=>""challan.jpg"", ""41""=>""101010203212""",4660037,Forwarding for Approval,ACCEPTED,2017-12-01 00:00:00,,2019-08-02 15:28:26,NOD_TEST
ALOTEST/2018/00001,3,1,"""1""=>""ALOTEST"", ""2""=>""08-02-2033"", ""3""=>""08-02-2018"", ""4""=>""74"", ""5""=>""NAARAYANA Reddi"", ""6""=>""01-08-2023"", ""7""=>""Place"", ""8""=>""36"", ""9""=>""99"", ""10""=>""GHMC"", ""11""=>""Shaik Akhil Mohammed"", ""12""=>""25"", ""13""=>""Address"", ""14""=>""7981091140"", ""15""=>""Child"", ""16""=>""080610011034945"", ""17""=>""UNION BANK OF INDIA"", ""18""=>""ABIDS"", ""19""=>""UBIN0123456"", ""20""=>""27.pdf"", ""21""=>""27.pdf"", ""22""=>""27.pdf"", ""23""=>""27.pdf"", ""24""=>""27.pdf"", ""25""=>""Not uploaded yet"", ""26""=>""27.pdf"", ""27""=>""Not uploaded yet"", ""28""=>""Not uploaded yet"", ""29""=>""27.pdf"", ""30""=>""27.pdf"", ""31""=>""27.pdf"", ""32""=>"""", ""33""=>""""",17140465,,,2023-08-07 13:52:08,MEESEVA@TS-Y617-4,2023-08-07 13:52:44,MEESEVA
ALOTEST/2014/00004,3,1,"""1""=>""ALOTEST"", ""2""=>""07-02-2016"", ""3""=>""07-02-2014"", ""4""=>""74"", ""5""=>""Narayana Rao"", ""6""=>""01-03-2015"", ""7""=>""HYDERABAD"", ""8""=>""36"", ""9""=>""22"", ""10""=>""NIMS"", ""11""=>""RAJI"", ""12""=>""31"", ""13""=>""HYDERABAD"", ""14""=>""7358001002"", ""15""=>""Spouse"", ""16""=>""080610011020030"", ""17""=>""ANDHRA BANK"", ""18""=>""KING KOTI"", ""19""=>""ANDB000099"", ""20""=>""BOCCWN_CARD.jpg"", ""21""=>""challan.jpg"", ""22""=>""ADV_STAMP1.pdf"", ""23""=>""PASSBOOK.JPG"", ""24""=>""MAN_APP.pdf"", ""25""=>""ADV_STAMP1.pdf"", ""26""=>""RATION_CARD.JPG"", ""27""=>""MAN_APP.pdf"", ""28""=>""null"", ""29""=>""BOCCWN_CARD.jpg"", ""30""=>""MAN_APP.pdf"", ""31""=>""AADHAAR.pdf"", ""32""=>""xt7RSrF5P7OMkAH+aqxXOg==""",8170530,,SDFDSF,2019-03-27 11:00:12,MEESEVA,2020-09-08 14:39:42,NOD_TEST
ALOTEST/2018/00001,4,2,"""1""=>""ALOTEST"", ""2""=>""01-03-2023"", ""3""=>""08-02-2018"", ""4""=>""110"", ""5""=>""Rani"", ""6""=>""NIMS"", ""7""=>""NIMS  HYDERABAD"", ""8""=>""36"", ""9""=>""22"", ""10""=>""Yes"", ""11""=>""01-04-2018"", ""12""=>""21"", ""13""=>""172839456"", ""14""=>""ABANK"", ""15""=>""ABIDS"", ""16""=>""ANDB0099"", ""17""=>""BOCCWN_CARD.jpg"", ""18""=>""AADHAAR.JPG"", ""19""=>""ADV_STAMP1.pdf"", ""20""=>""PASSBOOK.JPG"", ""21""=>""ADV_STAMP1.pdf"", ""22""=>""BOCCWN_CARD.jpg"", ""23""=>""MAN_APP.pdf"", ""24""=>""MAN_APP.pdf"", ""25""=>""BOCCWN_CARD.jpg"", ""26""=>""null"", ""27""=>""RATION_CARD.JPG"", ""28""=>""RATION_CARD.JPG"", ""29""=>""7358366826"", ""30""=>""fk/X/pclNnuFeGaarkXEpg=="", ""31""=>""fk/X/pclNnuFeGaarkXEpg==""",8976149,FORWARDING FOR APPROVAL,,2018-04-05 00:00:00,,2020-12-16 14:36:43,TESTALO
ALOTEST/2018/00009,9,1,"""1""=>""ALOTEST"", ""2""=>""01-05-2023"", ""3""=>""01-05-2018"", ""4""=>""110"", ""5""=>""SRUTHI"", ""6""=>""YANAM"", ""7""=>""36"", ""8""=>""01"", ""9""=>""09-05-2017"", ""10""=>""16"", ""11""=>""172839"", ""12""=>""SBI"", ""13""=>""YANAM"", ""14""=>""SBIN0000123"", ""15""=>""AADHAAR.JPG"", ""16""=>""AADHAAR.pdf"", ""17""=>""AADHAAR.JPG"", ""18""=>""AADHAAR.JPG"", ""19""=>""AROGYASREE_CARD.JPG"", ""20""=>""PASSBOOK.JPG"", ""21""=>""AADHAAR.JPG"", ""22""=>""AADHAAR.JPG"", ""23""=>""ADV_STAMP1.pdf"", ""24""=>""AADHAAR.pdf"", ""25""=>""photo.jpg"", ""26""=>""AADHAAR.JPG"", ""27""=>""9618356669"", ""28""=>""14544025""",8957398,Forwarding for Approval,verified and accepted,2017-06-01 00:00:00,,2020-12-14 15:48:30,NOD_TEST
ALOTEST/2018/00007,1,1,"""1""=>""ALOTEST"", ""2""=>""01-05-2023"", ""3""=>""01-05-2018"", ""4""=>""110"", ""5""=>""RAMA RAJU"", ""6""=>""10-05-2018"", ""7""=>""HYDERABAD"", ""8""=>""36"", ""9""=>""22"", ""10""=>""BUS ACCIDENT"", ""11""=>""PG PS"", ""12""=>""NIMS"", ""13""=>""PG PS"", ""14""=>""10-05-2018"", ""15""=>""NIMS"", ""16""=>""10-05-2018"", ""17""=>""SAVITHRI"", ""18""=>""40"", ""19""=>""HYDERABAD"", ""20""=>""9618356669"", ""21""=>""Spouse"", ""22""=>""172839456"", ""23""=>""SBI"", ""24""=>""RANGAREDDY"", ""25""=>""SBIN008"", ""26""=>""BOCCWN_CARD.jpg"", ""27""=>""BOCW_Reg_Card.jpg"", ""28""=>""ADV_STAMP1.pdf"", ""29""=>""RATION_CARD.JPG"", ""30""=>""AADHAAR.pdf"", ""31""=>""AADHAAR.JPG"", ""32""=>""AROGYASREE_CARD.JPG"", ""33""=>""ADV_STAMP1.pdf"", ""34""=>""RATION_CARD.JPG"", ""35""=>""null"", ""36""=>""ADV_STAMP1.pdf"", ""37""=>""BOCCWN_CARD.jpg"", ""38""=>""AADHAAR.pdf"", ""39""=>""ADV_STAMP1.pdf"", ""40""=>""ADV_STAMP1.pdf"", ""41""=>""qwrxkMRIzPLWFsLuzjwIUA=="", ""42""=>""""",7778080,FORWARDING FOR APPROVAL,ACCEPTED,2018-05-15 00:00:00,,2020-07-10 13:20:55,TESTALO
ALOTEST/2018/00001,4,1,"""1""=>""ALOTEST"", ""2""=>""01-03-2023"", ""3""=>""08-02-2018"", ""4""=>""110"", ""5""=>""Rani"", ""6""=>""GHMC"", ""7""=>""NIMS, HYD"", ""8""=>""36"", ""9""=>""22"", ""10""=>""Yes"", ""11""=>""01-05-2018"", ""12""=>""21"", ""13""=>""172839456"", ""14""=>""ABANK"", ""15""=>""ABIDS"", ""16""=>""ANDB0099"", ""17""=>""AADHAAR.JPG"", ""18""=>""AADHAAR.pdf"", ""19""=>""ADV_STAMP1.pdf"", ""20""=>""AROGYASREE_CARD.JPG"", ""21""=>""MAN_APP.pdf"", ""22""=>""PHOTO.JPG"", ""23""=>""MAN_APP.pdf"", ""24""=>""MAN_APP.pdf"", ""25""=>""ADV_STAMP1.pdf"", ""26""=>""AADHAAR.pdf"", ""27""=>""RATION_CARD.JPG"", ""28""=>""RATION_CARD.JPG"", ""29""=>"""", ""30""=>""""",2435908,HYD,ACCEPTED,2018-05-02 00:00:00,,,
ALOTEST/2017/00013,1,1,"""1""=>""ALOTEST"", ""2""=>""01-12-2022"", ""3""=>""01-12-2017"", ""4""=>""110"", ""5""=>""RAMANADHAM"", ""6""=>""04-07-2018"", ""7""=>""PLACE OF DEATH"", ""8""=>""36"", ""9""=>""99"", ""10""=>""CAUSE"", ""11""=>""PG PS"", ""12""=>""AUTHORITY"", ""13""=>""FIR COPY"", ""14""=>""23-10-2019"", ""15""=>""PM REPORT"", ""16""=>""23-10-2019"", ""17""=>""PERSON"", ""18""=>""45"", ""19""=>""ADDRESS"", ""20""=>""7358101202"", ""21""=>""Parent"", ""22""=>""0806100"", ""23""=>""ANDHRA BANK"", ""24""=>""ABIDS"", ""25""=>""ANDB000099"", ""26""=>""ADV_STAMP1.pdf"", ""27""=>""AADHAAR.JPG"", ""28""=>""AADHAAR.pdf"", ""29""=>""ADV_STAMP1.pdf"", ""30""=>""BOCCWN CARD.jpg"", ""31""=>""45_Capture_1.pdf"", ""32""=>""AROGYASREE_CARD.JPG"", ""33""=>""BOCW_Reg_Card.jpg"", ""34""=>""AROGYASREE_CARD.JPG"", ""35""=>""null"", ""36""=>""AROGYASREE_CARD.JPG"", ""37""=>""56_Capture4.pdf"", ""38""=>""45_Capture_1.pdf"", ""39""=>""BOCCWN CARD.jpg"", ""40""=>""BOCW_Reg_Card.jpg"", ""41""=>""csGMGLe3v7XslpHy8jMqmw=="", ""42""=>""8Cjviub6zvyxwodcAYwYFQ==""",11208178,FWD,AS PER ALO RECOMMENDATION APPROVED,2017-12-02 00:00:00,,2021-11-06 19:58:07,NOD_TEST
ALOTEST/2018/00003,9,1,"""1""=>""ALOTEST"", ""2""=>""06-04-2023"", ""3""=>""06-04-2018"", ""4""=>""110"", ""5""=>""SAROJINI"", ""6""=>""SVKM"", ""7""=>""36"", ""8""=>""22"", ""9""=>""09-04-2018"", ""10""=>""20"", ""11""=>""172839456"", ""12""=>""ABANK"", ""13""=>""ABIDS"", ""14""=>""ANDB0099"", ""15""=>""BOCCWN_CARD.jpg"", ""16""=>""challan.jpg"", ""17""=>""ADV_STAMP1.pdf"", ""18""=>""RATION_CARD.JPG"", ""19""=>""PHOTO.JPG"", ""20""=>""AADHAAR.JPG"", ""21""=>""AADHAAR.pdf"", ""22""=>""ADV_STAMP1.pdf"", ""23""=>""MAN_APP.pdf"", ""24""=>""null"", ""25""=>""ADV_STAMP1.pdf"", ""26""=>""RATION_CARD.JPG"", ""27""=>""9948561699"", ""28""=>""xt7RSrF5P7OMkAH+aqxXOg=="", ""29""=>""""",7778082,FORWARDING FOR APPROVAL,ACCEPTED,2018-04-09 00:00:00,,2020-07-10 13:21:03,TESTALO
ALOTEST/2018/00001,12,1,"""1""=>""ALOTEST"", ""2""=>""08-02-2020"", ""3""=>""08-02-2018"", ""4""=>""62"", ""5""=>""NAARAYANA Reddi"", ""6""=>""02-01-2018"", ""7""=>""HYDERABAD "", ""8""=>""36"", ""9""=>""22"", ""10""=>""BIKE ACCIDENT"", ""11""=>""NIMS"", ""12""=>""36"", ""13""=>""22"", ""14""=>""10"", ""15""=>""13-01-2018"", ""16""=>"""", ""17""=>"""", ""18""=>""NIMS"", ""19""=>""13-01-2018"", ""20""=>""123789456258"", ""21""=>""ANDHRA BANK"", ""22""=>""ABIDS"", ""23""=>""ANDB0000004"", ""24""=>""BOCCWN_CARD.jpg"", ""25""=>""challan.jpg"", ""26""=>""ADV_STAMP1.pdf"", ""27""=>""PASSBOOK.JPG"", ""28""=>""ADV_STAMP1.pdf"", ""29""=>""Not uploaded yet"", ""30""=>""MAN_APP.pdf"", ""31""=>""ADV_STAMP1.pdf"", ""32""=>""Not uploaded yet"", ""33""=>""MAN_APP.pdf"", ""34""=>""7358366826"", ""35""=>""100020003000"", ""36""=>""""",8153586,FORWARDING FOR APPROVAL,APPROVED,2018-08-25 18:25:47,TESTOPR,2020-09-05 15:36:50,NOD_TEST
ALOTEST/2018/00002,9,1,"""1""=>""ALOTEST"", ""2""=>""04-04-2023"", ""3""=>""04-04-2018"", ""4""=>""110"", ""5""=>""SARITHA"", ""6""=>""SVKM  HYD"", ""7""=>""null"", ""8""=>""22"", ""9""=>""01-01-2017"", ""10""=>""15"", ""11""=>""0806100200"", ""12""=>""ANDHRA BANK"", ""13""=>""ABIDS"", ""14""=>""ANDB0000"", ""15""=>""AADHAAR.JPG"", ""16""=>""Not uploaded yet"", ""17""=>""Not uploaded yet"", ""18""=>""Not uploaded yet"", ""19""=>""Not uploaded yet"", ""20""=>""Not uploaded yet"", ""21""=>""Not uploaded yet"", ""22""=>""Not uploaded yet"", ""23""=>""Not uploaded yet"", ""24""=>""null"", ""25""=>""Not uploaded yet"", ""26""=>""AADHAAR.JPG"", ""27""=>""7358345898"", ""28""=>""z4xQb+aozvi2FH/PAnPq2w=="", ""29""=>""z4xQb+aozvi2FH/PAnPq2w==""",9507176,CONTACT,,2018-06-06 12:43:45,TESTALO,2021-02-20 20:09:21,TESTALO
ALOTEST/2019/00003,1,1,"""1""=>""ALOTEST"", ""2""=>""06-06-2023"", ""3""=>""06-06-2018"", ""4""=>""110"", ""5""=>""kiran"", ""6""=>""01-07-2019"", ""7""=>""PLACE"", ""8""=>""36"", ""9""=>""22"", ""10""=>""DEATH CAUSE"", ""11""=>""POLICE STN"", ""12""=>""AUTHORITY"", ""13""=>""FIR COPY"", ""14""=>""03-07-2019"", ""15""=>""POSTMORTUM"", ""16""=>""03-07-2019"", ""17""=>""KRISHIAH"", ""18""=>""58"", ""19""=>""ADDRESS"", ""20""=>""9948561699"", ""21""=>""Parent"", ""22""=>""222423423432"", ""23""=>""22"", ""24""=>""UBIN0532851"", ""25""=>""UBIN0532851"", ""26""=>""AADHAAR.JPG"", ""27""=>""AADHAAR.pdf"", ""28""=>""ADV_STAMP1.pdf"", ""29""=>""AROGYASREE_CARD.JPG"", ""30""=>""BOCCWN CARD.jpg"", ""31""=>""BOCW_Reg_Card.jpg"", ""32""=>""challan.jpg"", ""33""=>""AADHAAR.JPG"", ""34""=>""MAN_APP.pdf"", ""35""=>""null"", ""36""=>""AADHAAR.JPG"", ""37""=>""PASSBOOK.JPG"", ""38""=>""RATION_CARD.JPG"", ""39""=>""AADHAAR.JPG"", ""40""=>""AADHAAR.JPG"", ""41""=>""fk/X/pclNnuFeGaarkXEpg=="", ""42""=>""""",31140898,fwd,Approved,2019-08-02 19:31:06,MEESEVA,2025-01-03 11:20:26,NOD_TEST
