reg_no,reg_year,reg_date,worker_name,father_name,gender,date_of_birth,age,caste,nature_emp,member_tradeunion,migrantworker,migrant_state,migrantdistrict,migrantmandal,reg_status,valid_date,marital_status,distcode,trno,present_addr_district,present_addr_mandal,permenant_addr_district,permenant_addr_mandal,created_dt,modified_dt
ALOTEST/2019/00008,2019,2019-01-01,RAJARAM,RAMANA,1,1970-10-18,49,5,9,False,,0,0,0,3,2023-12-31,2,99,32080062,23,9,22,10,2019-04-04 13:03:11,2025-02-22 22:58:40
ALOTEST/2019/00009,2019,2019-03-01,Raman,someswar,1,1965-01-01,54,5,14,False,,0,0,0,4,2022-03-01,2,99,32080066,22,14,22,11,2019-03-18 14:13:05,2025-02-22 22:59:04
ALOTEST/2018/00012,2018,2018-06-01,kamesh,karna,1,,33,5,3,False,,0,0,0,1,2023-06-01,1,99,5961765,9,17,9,6,2018-06-04 16:52:03,2020-04-13 07:08:08
ALOTEST/2018/00017,2018,2018-01-01,MOHANA RAO,RAGHURAMAYYA,1,1974-01-01,45,5,9,False,,0,0,0,4,2019-01-02,2,99,8212716,22,15,22,6,2019-01-25 13:43:21,2020-09-13 22:49:10
ALOTEST/2018/00015,2018,2018-08-01,basha,karim,1,,32,5,3,False,,16,289,1922,3,2023-08-02,1,99,32080118,8,10,9,13,2018-08-04 18:02:25,2025-02-23 00:01:51
ALOTEST/2017/00012,2017,2017-09-17,NARAYANA,RAMESH,1,1979-09-17,38,5,5,False,,0,0,0,4,2022-09-17,2,99,2130725,24,6,16,15,2017-11-08 14:56:07,2017-12-15 13:31:10
ALOTEST/2016/00001,2016,2016-10-10,sdfsdf,sdf,1,,19,3,1,False,,0,0,0,3,2021-10-10,1,99,18350682,15,2,14,2,2016-08-11 16:56:59,2023-11-02 17:58:29
ALOTEST/2015/00002,2015,2015-07-31,Yadlapalli Rajasekhar,Yadlapalli Venkateswararao,1,1987-07-28,28,3,13,False,,0,0,0,4,2020-07-28,1,99,5966229,22,12,22,12,2015-07-31 11:14:02,2020-04-14 00:07:06
ALOTEST/2019/00010,2019,2018-04-12,DIVAKAR divan,SAMUEL,1,,38,5,9,False,,0,0,0,4,2023-04-12,2,99,32080063,21,3,22,13,2018-04-12 16:22:57,2025-02-22 22:58:40
ALOTEST/2017/00004,2017,2017-09-18,RAMTEST,SYAMTEST,1,1977-10-18,40,5,6,False,,0,0,0,4,2022-09-18,2,99,18350701,14,4,14,83,2017-11-07 14:38:07,2023-11-02 17:59:58
ALOTEST/2017/00006,2017,2017-11-01,ABIRAM,RAMARAJU,1,1979-10-18,38,5,42,False,,0,0,0,4,2022-11-01,2,99,2104766,16,88,16,84,2017-11-09 14:54:08,2018-04-02 18:27:37
ALOTEST/2017/00013,2017,2017-12-01,RAMANADHAM,RAGHU,1,1969-12-18,47,5,9,False,,0,0,0,4,2022-12-01,2,99,2133360,17,1,24,4,2017-12-18 11:49:14,2017-12-18 12:14:52
ALOTEST/2017/00001,2017,2017-10-01,RAMANAMMA,RAJAIAH,2,1970-10-10,47,3,2,False,,0,0,0,4,2022-10-01,2,99,4995174,15,9,14,6,2017-10-31 13:01:14,2019-10-28 17:06:29
ALOTEST/2015/00001,2015,2015-07-09,harish,sureshfather,1,1987-06-23,28,3,15,False,,0,0,0,4,2020-06-02,2,99,7472704,24,2,24,2,2015-07-09 15:13:45,2020-05-29 21:04:23
ALOTEST/2018/00003,2018,2018-04-06,RAMA KRISHNA,SASIDHARA RAO,1,1970-04-06,48,5,15,False,,0,0,0,4,2023-04-06,2,99,18350701,21,2,22,2,2018-04-06 19:04:42,2023-11-02 18:00:13
ALOTEST/2018/00006,2018,2018-05-05,kiran,raja,1,,34,5,3,False,,0,0,0,4,2023-05-10,1,99,32080116,9,23,22,2,2018-05-24 19:33:55,2025-02-23 00:01:51
ALOTEST/2018/00010,2018,2018-05-10,Kaasi,naasi,1,,23,5,8,False,,0,0,0,4,2021-05-08,1,99,32080117,6,17,9,13,2018-05-25 15:36:16,2025-02-23 00:01:51
ALOTEST/2017/00009,2017,2017-11-01,SAGARA RAO,MUKUNDHA,1,1979-10-17,38,5,9,False,,0,0,0,2,2022-11-01,2,99,2460463,18,21,18,4,2017-11-17 18:48:10,2018-05-11 14:23:42
ALOTEST/2017/00014,2017,2017-09-18,BHADRA,RAMCHANDER,1,1980-09-18,37,5,14,False,,0,0,0,2,2022-09-18,2,99,2580736,16,83,16,75,2017-11-08 14:42:42,2018-06-06 10:55:36
ALOTEST/2017/00002,2017,2017-10-01,RAJESH,RAMARAO,1,1980-10-10,37,5,15,False,,0,0,0,4,2022-10-02,2,99,4449167,16,81,16,81,2017-11-02 11:09:42,2019-07-01 11:56:32
ALOTEST/2017/00003,2017,2017-11-01,RAMARAJU,KRISHNAIAH,1,1979-10-15,38,5,9,False,,0,0,0,4,2022-11-02,2,99,5885721,33,13,33,13,2017-11-02 14:24:52,2020-04-09 00:35:18
ALOTEST/2018/00008,2018,2018-05-10,rakesh,ramana,1,,35,5,52,False,,0,0,0,3,2023-05-09,2,99,5885712,8,10,22,13,2018-05-30 11:21:42,2020-04-08 23:30:15
ALOTEST/2009/50001,2009,2009-09-02,shiva,ranga raju,1,1990-05-05,24,5,8,False,,0,0,0,5,2021-09-02,2,99,7518818,22,7,23,13,2014-09-09 11:40:40,2020-06-05 15:47:21
ALOTEST/2017/00008,2017,2017-09-18,SHAIK SAH,SANTOSH PRASAD,1,1988-06-18,29,5,13,False,,0,0,0,2,2022-09-18,2,99,18350701,15,81,15,81,2017-11-06 17:38:25,2023-11-02 18:00:16
ALOTEST/2017/00010,2017,2017-09-18,SANTOSH SAH,SHAIK PRASAD SAH,1,1988-06-16,29,5,13,False,,0,0,0,9,2022-09-18,2,99,4660037,15,9,15,3,2017-11-06 17:34:55,2019-08-02 15:28:26
ALOTEST/2019/00007,2019,2019-08-01,Rajesh,varma,1,,55,5,15,False,,0,0,0,3,2024-08-01,2,99,7731229,3,7,3,7,2019-08-03 17:55:22,2020-07-04 16:34:01
ALOTEST/2017/00007,2017,2017-11-01,RAMANA,MAHADEVIAH,1,1979-10-17,38,5,4,False,,0,0,0,4,2022-11-01,2,99,18350701,18,3,18,7,2017-11-17 23:54:40,2023-11-02 17:59:47
ALOTEST/2018/00019,2018,2018-09-03,narayana,madhana,1,,23,5,47,False,,0,0,0,1,2023-09-03,2,99,18350701,26,1,8,14,2018-09-05 12:01:33,2023-11-02 17:59:53
ALOTEST/2019/00005,2019,2019-06-13,SIVARAM,RAMANA RAO,1,1980-05-18,39,5,14,False,,0,0,0,4,2024-06-01,2,99,32080064,1,9,1,8,2019-06-13 16:30:45,2025-02-22 22:59:03
ALOTEST/2019/00006,2019,2019-05-01,SOMESWAR,RAMARAJU,1,1980-05-18,39,5,1,False,,0,0,0,4,2024-05-01,2,99,32080065,10,5,22,15,2019-06-26 17:42:51,2025-02-22 22:59:04
ALOTEST/2018/00005,2018,2018-04-07,RAMEHS BABU,KRISHNA RAO,1,1988-04-07,30,5,14,False,,0,0,0,9,2021-04-07,2,99,18350682,9,13,22,11,2018-04-07 14:48:47,2023-11-02 17:59:09
ALOTEST/2018/00016,2018,2018-09-03,KANANA,haresh,1,1992-01-01,26,5,42,True,,0,0,0,1,2019-09-28,1,99,18350701,2,11,2,14,2018-09-05 11:55:59,2023-11-02 18:00:04
ALOTEST/2017/00005,2017,2017-11-01,SARATH,CHANDRA RAO,1,1970-10-10,47,5,4,False,,0,0,0,3,2022-11-02,2,99,18350701,15,4,15,4,2017-11-03 15:48:13,2023-11-02 18:00:08
ALOTEST/2015/00003,2015,2015-11-01,Segoju Madhava Chary, S Achary,1,1980-05-26,35,3,13,False,,0,0,0,1,2020-11-01,1,99,18350682,16,74,16,74,2015-11-01 18:24:35,2023-11-02 17:58:55
ALOTEST/2018/00009,2018,2018-05-01,MAHAVEER,VEER LAAL,1,1980-05-13,38,5,4,False,,0,0,0,2,2023-05-01,2,99,18350701,22,5,22,2,2018-05-13 14:28:43,2023-11-02 18:00:24
ALOTEST/2018/00013,2018,2018-06-01,RAMANA,RAJA RAO,1,1980-06-28,38,5,9,False,,0,0,0,1,2020-06-01,2,99,18350701,15,12,22,8,2018-06-28 11:53:28,2023-11-02 18:00:28
ALOTEST/2018/00018,2018,2018-06-01,SAAGAR,MOHANA RAO,1,1980-06-05,38,5,4,False,,0,0,0,1,2023-06-01,2,99,18350701,22,13,22,7,2018-06-05 17:20:00,2023-11-02 18:00:31
ALOTEST/2018/00007,2018,2018-05-01,RAMA RAJU,KRISHNIAH,1,1968-05-25,50,5,9,False,,0,0,0,4,2023-05-01,2,99,18350701,22,13,22,13,2018-05-25 15:32:22,2023-11-02 18:00:37
ALOTEST/2019/00004,2019,2019-05-10,RAJESH,RAMESH,1,1993-09-09,26,5,14,False,,0,0,0,2,2024-05-09,1,99,18565284,2,15,3,16,2019-05-10 15:57:24,2023-11-17 22:29:30
ALOTEST/2019/00001,2019,2019-01-01,RAMAIAH,KRISHNA,1,1974-01-01,45,5,9,True,0.0,0,0,0,8,2031-01-01,2,99,30554071,22,12,22,5,2019-01-25 11:04:34,2024-12-02 23:07:19
ALOBHGR/2018/00545,2018,2018-07-30,Bala narsimha  Pandi,Swamy,1,,47,1,13,False,,0,0,0,5,2023-07-30,2,99,3597130,20,1,20,1,2018-11-26 14:13:51,2018-11-29 17:38:44
ALOTEST/2018/00014,2018,2018-06-08,rams,karna,1,,36,5,13,False,,0,0,0,5,2023-06-21,1,99,4950531,6,7,9,21,2018-06-29 10:47:20,2019-10-16 13:13:00
